Entry,Protein names
A0A0B6XLD6,Methionine--tRNA ligase (EC 6.1.1.10) (Methionyl-tRNA synthetase)
A0A0F6FJ34,Uncharacterized protein
A0A0H2VDX9,Uncharacterized protein
A0A0H3AIG7,Actin cross-linking toxin VgrG1 (EC 6.3.2.-)
A0A0H3JRU9,Pyruvate carboxylase (EC 6.4.1.1)
A0A0J9X1A2,Deleted.
A0A0J9X1H3,Deleted.
A0A0J9X1N9,Deleted.
A0A0J9X1T5,Deleted.
A0A142DS38,Genome polyprotein
A0LU48,Depupylase (EC 3.4.-.-)
A0PFK5,"Capping protein (Actin filament) muscle Z-line, alpha 1 (F-actin capping protein alpha 1 subunit) (F-actin capping protein subunit alpha 1)"
A0R618,Acyl-CoA synthase (Fatty-acid-CoA ligase FadD32)
A1B618,ATP synthase F0 subcomplex C subunit
A1B8N8,ATP synthase subunit alpha (EC 3.6.3.14) (ATP synthase F1 sector subunit alpha) (F-ATPase subunit alpha)
A1B8P0,ATP synthase subunit beta (EC 3.6.3.14) (ATP synthase F1 sector subunit beta) (F-ATPase subunit beta)
A1CII2,Phosphoribosyl-aminoimidazole carboxylase
A1TH50,Maltokinase (MaK) (EC 2.7.1.175) (Maltose-1-phosphate synthase)
A3DJ38,Metallophosphoesterase
A4IKE7,Uncharacterized protein
A6T8F5,Uncharacterized protein
A6T989,Ribokinase (RK) (EC 2.7.1.15)
A7MAS3,ATP-dependent 6-phosphofructokinase subunit gamma (ATP-dependent 6-phosphofructokinase) (ATP-PFK) (Phosphofructokinase 3) (Phosphohexokinase)
A7MB62,Actin-related protein 2 (Actin-like protein 2)
A8JI83,Nitrogen regulatory protein PII
A8PWE4,Deleted.
A9CHM9,Aminoacyl carrier protein
B0VD92,Aminoglycoside 3'-phosphotransferase AphA1-IAB (EC 2.7.1.95)
B0VKR7,Histidine--tRNA ligase (EC 6.1.1.21) (Histidyl-tRNA synthetase) (HisRS)
B1MKD5,4-diphosphocytidyl-2-C-methyl-D-erythritol kinase (CMK) (EC 2.7.1.148) (4-(cytidine-5'-diphospho)-2-C-methyl-D-erythritol kinase)
B1MMZ4,Probable nicotinate-nucleotide adenylyltransferase (EC 2.7.7.18) (Deamido-NAD(+) diphosphorylase) (Deamido-NAD(+) pyrophosphorylase) (Nicotinate mononucleotide adenylyltransferase)
B2RXC2,"Inositol 1,4,5-trisphosphate 3-kinase B (MCG6217) (Protein Itpkb)"
B4E7B5,Phenylacetate-coenzyme A ligase (EC 6.2.1.30) (Phenylacetyl-CoA ligase)
B6YXQ1,Uncharacterized protein
B7GVN5,Deleted.
B8ZYW1,Ammonium transporter (Nitrogen regulatory protein P-II) (PII family protein glnK2)
C2M7I7,Uncharacterized protein
C2M8N3,Uncharacterized protein
C2M8N4,Uncharacterized protein
C4M7X2,Lysine--tRNA ligase (EC 6.1.1.6) (Lysyl-tRNA synthetase)
C6K2M8,Viral structural protein 5
C9YJ22,Fic family protein putative filamentation induced by cAMP protein
D0G6S1,Dynactin 6 (Uncharacterized protein)
D1A4G7,Cell divisionFtsK/SpoIIIE
D1A4H0,ESAT-6-like protein
D2JYW4,F-actin capping protein beta subunit variant II (F-actin-capping protein subunit beta) (F-actin-capping protein subunit beta isoform 2)
D2W2Z5,Predicted protein
D9PY12,Hmd co-occurring protein HcgE
E1VBK4,TRAP-T-associated universal stress protein TeaD (UspA domain transporter regulator TeaD)
E6Z0R3,Adenosine monophosphate-protein transferase VbhT (EC 2.7.7.n1) (AMPylator VbhT)
E6Z0R4,Antitoxin VbhA
E8MF12,N-acetylhexosamine 1-kinase (EC 2.7.1.162) (N-acetylgalactosamine/N-acetylglucosamine 1-kinase)
E8Y328,Aspartate carbamoyltransferase (EC 2.1.3.2) (Aspartate transcarbamylase)
E8Y329,Aspartate carbamoyltransferase regulatory chain
F2YGR7,Rhoptry protein 5B (Type I rhoptry protein 5) (Type I rhoptry protein 5B) (Type III rhoptry protein 5)
F2Z5B2,Tubulin beta chain
F2Z5G5,Uncharacterized protein
F5LA71,ATP synthase epsilon chain (ATP synthase F1 sector epsilon subunit) (F-ATPase epsilon subunit)
F5LA72,ATP synthase subunit beta (EC 3.6.3.14) (ATP synthase F1 sector subunit beta) (F-ATPase subunit beta)
F5LA73,ATP synthase gamma chain (ATP synthase F1 sector gamma subunit) (F-ATPase gamma subunit)
F5LA74,ATP synthase subunit alpha (EC 3.6.3.14) (ATP synthase F1 sector subunit alpha) (F-ATPase subunit alpha)
F8W463,P2X purinoceptor
F9UM74,Pyridoxal kinase (EC 2.7.1.35)
F9UMW3,Universal stress protein
G0RYC2,RuvB-like helicase (EC 3.6.4.12)
G0RYI5,RuvB-like helicase (EC 3.6.4.12)
G0RZX9,Putative heat shock protein
G0S0Y3,Pab-dependent poly(A)-specific ribonuclease subunit pan3-like protein
G0SAK8,PAB-dependent poly(A)-specific ribonuclease subunit PAN2 (EC 3.1.13.4) (PAB1P-dependent poly(A)-nuclease) (PAN deadenylation complex catalytic subunit 2)
G3CKA6,Actin
G3MM57,Uncharacterized protein
I3LHK5,Uncharacterized protein
I3LM39,Cyclic GMP-AMP synthase (cGAMP synthase) (cGAS) (EC 2.7.7.86) (2'3'-cGAMP synthase) (Mab-21 domain-containing protein 1)
J9VFT1,Acetyl-coenzyme A synthetase (EC 6.2.1.1)
N9UNA8,"Inositol hexakisphosphate kinase, putative"
O00401,Neural Wiskott-Aldrich syndrome protein (N-WASP)
O00764,Pyridoxal kinase (EC 2.7.1.35) (Pyridoxine kinase)
O02697,"Phosphatidylinositol 4,5-bisphosphate 3-kinase catalytic subunit gamma isoform (PI3-kinase subunit gamma) (PI3K-gamma) (PI3Kgamma) (PtdIns-3-kinase subunit gamma) (EC 2.7.1.153) (Phosphatidylinositol 4,5-bisphosphate 3-kinase 110 kDa catalytic subunit gamma) (PtdIns-3-kinase subunit p110-gamma) (p110gamma) (Phosphoinositide-3-kinase catalytic gamma polypeptide) (Serine/threonine protein kinase PIK3CG) (EC 2.7.11.1) (p120-PI3K)"
O04841,"Diadenosine 5',5'''-P1,P4-tetraphosphate hydrolase (EC 3.6.1.17)"
O05338,DNA primase (EC 2.7.7.-)
O05521,Redox-sensing transcriptional repressor Rex
O06961,Propionate kinase (EC 2.7.2.15)
O08398,Cell division protein FtsZ
O09460,Phosphoenolpyruvate carboxykinase [ATP] (PCK) (PEP carboxykinase) (PEPCK) (EC 4.1.1.49)
O10693,Polyhedrin
O13828,mRNA decapping complex subunit 2 (EC 3.-.-.-)
O13833,Terminal uridylyltransferase cid1 (TUTase cid1) (EC 2.7.7.19) (EC 2.7.7.52) (Caffeine-induced death protein 1) (Poly(A) polymerase cid1) (PAP) (Poly(U) polymerase cid1) (PUP)
O14241,Actin-related protein 2/3 complex subunit 2 (Arp2/3 complex 34 kDa subunit) (p34-ARC)
O14656,Torsin-1A (Dystonia 1 protein) (Torsin ATPase-1A) (EC 3.6.4.-) (Torsin family 1 member A)
O14727,Apoptotic protease-activating factor 1 (APAF-1)
O14818,Proteasome subunit alpha type-7 (EC 3.4.25.1) (Proteasome subunit RC6-1) (Proteasome subunit XAPC7)
O14965,Aurora kinase A (EC 2.7.11.1) (Aurora 2) (Aurora/IPL1-related kinase 1) (ARK-1) (Aurora-related kinase 1) (hARK1) (Breast tumor-amplified kinase) (Serine/threonine-protein kinase 15) (Serine/threonine-protein kinase 6) (Serine/threonine-protein kinase aurora-A)
O15530,3-phosphoinositide-dependent protein kinase 1 (hPDK1) (EC 2.7.11.1)
O15648,ATP-dependent 6-phosphofructokinase (ATP-PFK) (Phosphofructokinase) (EC 2.7.1.11) (Phosphohexokinase)
O22476,Protein BRASSINOSTEROID INSENSITIVE 1 (AtBRI1) (EC 2.7.10.1) (EC 2.7.11.1) (Brassinosteroid LRR receptor kinase)
O24146,4-coumarate--CoA ligase 2 (4CL 2) (EC 6.2.1.12) (4-coumaroyl-CoA synthase 2)
O24872,ATP-dependent dethiobiotin synthetase BioD (EC 6.3.3.3) (DTB synthetase) (DTBS) (Dethiobiotin synthase)
O25096,NH(3)-dependent NAD(+) synthetase (EC 6.3.1.5)
O27289,Conserved protein
O28025,tRNA(Ile2) 2-agmatinylcytidine synthetase TiaS (tRNA(Ile2)-agm2C synthetase) (EC 6.3.4.22) (tRNA(Ile2) agmatidine synthetase)
O28126,CCA-adding enzyme (EC 2.7.7.72) (CCA tRNA nucleotidyltransferase) (tRNA CCA-pyrophosphorylase) (tRNA adenylyl-/cytidylyl- transferase) (tRNA nucleotidyltransferase) (tRNA-NT)
O28471,RIO-type serine/threonine-protein kinase Rio1 (AfRio1) (EC 2.7.11.1)
O28524,Nitrogen regulatory protein P-II (GlnB-3)
O28527,Nitrogen regulatory protein P-II (GlnB-2)
O30245,RIO-type serine/threonine-protein kinase Rio2 (AfRio2) (EC 2.7.11.1)
O30297,NAD kinase (EC 2.7.1.23) (ATP-dependent NAD kinase)
O32080,Ktr system potassium uptake protein A (K(+)-uptake protein KtrA)
O32081,Ktr system potassium uptake protein B (K(+)-uptake protein KtrB)
O32726,Anti-sigma F factor antagonist (Stage II sporulation protein AA)
O32727,Anti-sigma F factor (EC 2.7.11.1) (Stage II sporulation protein AB)
O34757,Sensor histidine kinase DesK (EC 2.7.13.3)
O35433,Transient receptor potential cation channel subfamily V member 1 (TrpV1) (Capsaicin receptor) (Osm-9-like TRP channel 1) (OTRPC1) (Vanilloid receptor 1) (Vanilloid receptor type 1-like)
O43314,Inositol hexakisphosphate and diphosphoinositol-pentakisphosphate kinase 2 (EC 2.7.4.21) (EC 2.7.4.24) (Diphosphoinositol pentakisphosphate kinase 2) (Histidine acid phosphatase domain-containing protein 1) (InsP6 and PP-IP5 kinase 2) (VIP1 homolog 2) (hsVIP2)
O43741,5'-AMP-activated protein kinase subunit beta-2 (AMPK subunit beta-2)
O57758,373aa long hypothetical sugar-binding transport ATP-binding protein
O57883,235aa long hypothetical biotin--[acetyl-CoA-carboxylase] ligase
O57978,Phosphoribosylaminoimidazole-succinocarboxamide synthase (EC 6.3.2.6) (SAICAR synthetase)
O59128,Uncharacterized sugar kinase PH1459 (EC 2.7.1.-)
O60563,Cyclin-T1 (CycT1) (Cyclin-T)
O60674,Tyrosine-protein kinase JAK2 (EC 2.7.10.2) (Janus kinase 2) (JAK-2)
O62137,Acyl-coenzyme A oxidase
O62140,Acyl-coenzyme A oxidase
O66513,Nitrogen regulatory protein P-II
O66548,AP4A hydrolase
O66610,Glutamyl-tRNA(Gln) amidotransferase subunit A (Glu-ADT subunit A) (EC 6.3.5.7)
O66728,Poly A polymerase
O66766,Aspartyl/glutamyl-tRNA(Asn/Gln) amidotransferase subunit B (Asp/Glu-ADT subunit B) (EC 6.3.5.-)
O66837,Biotin [acetyl-CoA-carboxylase] ligase
O66949,Phosphoribosylamine--glycine ligase (EC 6.3.4.13) (GARS) (Glycinamide ribonucleotide synthetase) (Phosphoribosylglycinamide synthetase)
O66950,Twitching motility protein PilT
O67033,Site-determining protein
O67034,Probable septum site-determining protein MinC
O67198,Transcriptional regulator (NtrC family)
O67323,Alanine--tRNA ligase (EC 6.1.1.7) (Alanyl-tRNA synthetase) (AlaRS)
O67572,Tetraacyldisaccharide 4'-kinase (EC 2.7.1.130) (Lipid A 4'-kinase)
O67728,tRNA(Ile)-lysidine synthase (EC 6.3.4.19) (tRNA(Ile)-2-lysyl-cytidine synthase) (tRNA(Ile)-lysidine synthetase)
O67883,Thiamine-monophosphate kinase (TMP kinase) (Thiamine-phosphate kinase) (EC 2.7.4.16)
O67904,Glutamyl-tRNA(Gln) amidotransferase subunit C (Glu-ADT subunit C) (EC 6.3.5.-)
O74036,DNA repair and recombination protein RadA
O74536,SNF1-like protein kinase ssp2 (EC 2.7.11.1)
O75643,U5 small nuclear ribonucleoprotein 200 kDa helicase (EC 3.6.4.13) (Activating signal cointegrator 1 complex subunit 3-like 1) (BRR2 homolog) (U5 snRNP-specific 200 kDa protein) (U5-200KD)
O94609,Ubiquitin-activating enzyme E1 1 (EC 6.2.1.45) (Poly(A)+ RNA transport protein 3)
O95786,Probable ATP-dependent RNA helicase DDX58 (EC 3.6.4.13) (DEAD box protein 58) (RIG-I-like receptor 1) (RLR-1) (Retinoic acid-inducible gene 1 protein) (RIG-1) (Retinoic acid-inducible gene I protein) (RIG-I)
P00452,Ribonucleoside-diphosphate reductase 1 subunit alpha (EC 1.17.4.1) (Protein B1) (Ribonucleoside-diphosphate reductase 1 R1 subunit) (Ribonucleotide reductase 1)
P00459,Nitrogenase iron protein 1 (EC 1.18.6.1) (Nitrogenase Fe protein 1) (Nitrogenase component II) (Nitrogenase reductase)
P00511,"ATP-dependent 6-phosphofructokinase, muscle type (ATP-PFK) (PFK-M) (EC 2.7.1.11) (6-phosphofructokinase type A) (Phosphofructo-1-kinase isozyme A) (PFK-A) (Phosphohexokinase)"
P00514,"cAMP-dependent protein kinase type I-alpha regulatory subunit [Cleaved into: cAMP-dependent protein kinase type I-alpha regulatory subunit, N-terminally processed]"
P00517,cAMP-dependent protein kinase catalytic subunit alpha (PKA C-alpha) (EC 2.7.11.11)
P00518,"Phosphorylase b kinase gamma catalytic chain, skeletal muscle/heart isoform (EC 2.7.11.19) (Phosphorylase kinase subunit gamma-1) (Serine/threonine-protein kinase PHKG1) (EC 2.7.11.1) (EC 2.7.11.26)"
P00558,Phosphoglycerate kinase 1 (EC 2.7.2.3) (Cell migration-inducing gene 10 protein) (Primer recognition protein 2) (PRP 2)
P00560,Phosphoglycerate kinase (EC 2.7.2.3)
P00639,Deoxyribonuclease-1 (EC 3.1.21.1) (Deoxyribonuclease I) (DNase I)
P00829,"ATP synthase subunit beta, mitochondrial (EC 3.6.3.14)"
P00830,"ATP synthase subunit beta, mitochondrial (EC 3.6.3.14)"
P00953,Tryptophan--tRNA ligase (EC 6.1.1.2) (Tryptophanyl-tRNA synthetase) (TrpRS)
P00962,Glutamine--tRNA ligase (EC 6.1.1.18) (Glutaminyl-tRNA synthetase) (GlnRS)
P01096,"ATPase inhibitor, mitochondrial (Inhibitor of F(1)F(o)-ATPase) (IF(1)) (IF1)"
P01097,"ATPase inhibitor, mitochondrial"
P02584,Profilin-1 (Profilin I)
P02721,"ATP synthase-coupling factor 6, mitochondrial (ATPase subunit F6)"
P02774,Vitamin D-binding protein (DBP) (VDB) (Gc protein-derived macrophage activating factor) (Gc-MAF) (GcMAF) (Gc-globulin) (Group-specific component) (Gc) (Vitamin D-binding protein-macrophage activating factor) (DBP-maf)
P02829,ATP-dependent molecular chaperone HSP82 (82 kDa heat shock protein) (Heat shock protein Hsp90 heat-inducible isoform)
P02916,Maltose transport system permease protein MalF
P03070,Large T antigen (LT) (LT-AG) (EC 3.6.4.-)
P03366,Gag-Pol polyprotein (Pr160Gag-Pol) [Cleaved into: Matrix protein p17 (MA); Capsid protein p24 (CA); Spacer peptide 1 (SP1) (p2); Nucleocapsid protein p7 (NC); Transframe peptide (TF); p6-pol (p6*); Protease (EC 3.4.23.16) (PR) (Retropepsin); Reverse transcriptase/ribonuclease H (EC 2.7.7.49) (EC 2.7.7.7) (EC 3.1.26.13) (Exoribonuclease H) (EC 3.1.13.2) (p66 RT); p51 RT; p15; Integrase (IN) (EC 2.7.7.-) (EC 3.1.-.-)]
P04050,DNA-directed RNA polymerase II subunit RPB1 (RNA polymerase II subunit 1) (RNA polymerase II subunit B1) (EC 2.7.7.6) (DNA-directed RNA polymerase III largest subunit) (RNA polymerase II subunit B220)
P04191,"Sarcoplasmic/endoplasmic reticulum calcium ATPase 1 (SERCA1) (SR Ca(2+)-ATPase 1) (EC 3.6.3.8) (Calcium pump 1) (Calcium-transporting ATPase sarcoplasmic reticulum type, fast twitch skeletal muscle isoform) (Endoplasmic reticulum class 1/2 Ca(2+) ATPase)"
P04387,Galactose/lactose metabolism regulatory protein GAL80
P04802,"Aspartate--tRNA ligase, cytoplasmic (EC 6.1.1.12) (Aspartyl-tRNA synthetase) (AspRS)"
P04896,Guanine nucleotide-binding protein G(s) subunit alpha isoforms short (Adenylate cyclase-stimulating G alpha protein)
P04977,Pertussis toxin subunit 1 (PTX S1) (Islet-activating protein S1) (IAP S1) (NAD-dependent ADP-ribosyltransferase) (EC 2.4.2.-)
P04978,Pertussis toxin subunit 2 (PTX S2) (Islet-activating protein S2) (IAP S2)
P04979,Pertussis toxin subunit 3 (PTX S3) (Islet-activating protein S3) (IAP S3)
P04981,Pertussis toxin subunit 5 (PTX S5) (Islet-activating protein S5) (IAP S5)
P05132,cAMP-dependent protein kinase catalytic subunit alpha (PKA C-alpha) (EC 2.7.11.11)
P05317,60S acidic ribosomal protein P0 (A0) (L10E)
P05630,"ATP synthase subunit delta, mitochondrial (F-ATPase delta subunit)"
P05631,"ATP synthase subunit gamma, mitochondrial (F-ATPase gamma subunit)"
P05632,"ATP synthase subunit epsilon, mitochondrial (ATPase subunit epsilon)"
P05738,60S ribosomal protein L9-A (L8) (RP24) (YL11)
P05852,tRNA N6-adenosine threonylcarbamoyltransferase (EC 2.3.1.234) (N6-L-threonylcarbamoyladenine synthase) (t(6)A synthase) (t(6)A37 threonylcarbamoyladenosine biosynthesis protein TsaD) (tRNA threonylcarbamoyladenosine biosynthesis protein TsaD)
P06213,Insulin receptor (IR) (EC 2.7.10.1) (CD antigen CD220) [Cleaved into: Insulin receptor subunit alpha; Insulin receptor subunit beta]
P06396,Gelsolin (AGEL) (Actin-depolymerizing factor) (ADF) (Brevin)
P06685,Sodium/potassium-transporting ATPase subunit alpha-1 (Na(+)/K(+) ATPase alpha-1 subunit) (EC 3.6.3.9) (Sodium pump subunit alpha-1)
P06746,DNA polymerase beta (EC 2.7.7.7) (EC 4.2.99.-)
P06999,ATP-dependent 6-phosphofructokinase isozyme 2 (ATP-PFK 2) (Phosphofructokinase 2) (EC 2.7.1.11) (6-phosphofructokinase isozyme II) (Phosphohexokinase 2)
P07024,Protein UshA [Includes: UDP-sugar hydrolase (EC 3.6.1.45) (UDP-sugar diphosphatase) (UDP-sugar pyrophosphatase); 5'-nucleotidase (5'-NT) (EC 3.1.3.5)]
P07251,"ATP synthase subunit alpha, mitochondrial"
P07328,Nitrogenase molybdenum-iron protein alpha chain (EC 1.18.6.1) (Dinitrogenase) (Nitrogenase component I)
P07329,Nitrogenase molybdenum-iron protein beta chain (EC 1.18.6.1) (Dinitrogenase) (Nitrogenase component I)
P07678,ATP synthase epsilon chain (ATP synthase F1 sector epsilon subunit) (F-ATPase epsilon subunit)
P07737,Profilin-1 (Epididymis tissue protein Li 184a) (Profilin I)
P07830,Major actin (Actin A1) (Actin A12) (Actin A8) (Actin III) (Actin M6) (Actin-1) (Actin-11) (Actin-12) (Actin-13) (Actin-14) (Actin-15) (Actin-16) (Actin-19) (Actin-2) (Actin-2-sub 1) (Actin-20) (Actin-21) (Actin-3a) (Actin-4) (Actin-5) (Actin-6) (Actin-7) (Actin-8) (Actin-9) (Actin-IEL1)
P07862,D-alanine--D-alanine ligase B (EC 6.3.2.4) (D-Ala-D-Ala ligase B) (D-alanylalanine synthetase B)
P07900,Heat shock protein HSP 90-alpha (Heat shock 86 kDa) (HSP 86) (HSP86) (Lipopolysaccharide-associated protein 2) (LAP-2) (LPS-associated protein 2) (Renal carcinoma antigen NY-REN-38)
P08164,NH(3)-dependent NAD(+) synthetase (EC 6.3.1.5) (General stress protein 38) (GSP38) (Spore outgrowth factor B) (Sporulation protein OutB)
P08200,Isocitrate dehydrogenase [NADP] (IDH) (EC 1.1.1.42) (IDP) (NADP(+)-specific ICDH) (Oxalosuccinate decarboxylase)
P08238,Heat shock protein HSP 90-beta (HSP 90) (Heat shock 84 kDa) (HSP 84) (HSP84)
P08518,DNA-directed RNA polymerase II subunit RPB2 (RNA polymerase II subunit 2) (EC 2.7.7.6) (B150) (DNA-directed RNA polymerase II 140 kDa polypeptide)
P08581,Hepatocyte growth factor receptor (HGF receptor) (EC 2.7.10.1) (HGF/SF receptor) (Proto-oncogene c-Met) (Scatter factor receptor) (SF receptor) (Tyrosine-protein kinase Met)
P08690,Arsenical pump-driving ATPase (EC 3.6.3.16) (Arsenical resistance ATPase) (Arsenite-translocating ATPase) (Arsenite-transporting ATPase)
P08716,Alpha-hemolysin translocation ATP-binding protein HlyB
P08799,Myosin-2 heavy chain (Myosin II heavy chain)
P09029,N5-carboxyaminoimidazole ribonucleotide synthase (N5-CAIR synthase) (EC 6.3.4.18) (5-(carboxyamino)imidazole ribonucleotide synthetase)
P09041,"Phosphoglycerate kinase 2 (EC 2.7.2.3) (Phosphoglycerate kinase, testis specific)"
P09951,Synapsin-1 (Synapsin I)
P0A3F4,Nitrogen regulatory protein P-II (PII signal transducing protein)
P0A3R5,Pertussis toxin subunit 4 (PTX S4) (Islet-activating protein S4) (IAP S4)
P0A6E4,Argininosuccinate synthase (EC 6.3.4.5) (Citrulline--aspartate ligase)
P0A6F5,60 kDa chaperonin (GroEL protein) (Protein Cpn60)
P0A6F9,10 kDa chaperonin (GroES protein) (Protein Cpn10)
P0A6H5,ATP-dependent protease ATPase subunit HslU (Heat shock protein HslU) (Unfoldase HslU)
P0A6I6,Phosphopantetheine adenylyltransferase (EC 2.7.7.3) (Dephospho-CoA pyrophosphorylase) (Pantetheine-phosphate adenylyltransferase) (PPAT)
P0A6X3,RNA-binding protein Hfq (HF-1) (Host factor-I protein) (HF-I)
P0A6Y8,Chaperone protein DnaK (HSP70) (Heat shock 70 kDa protein) (Heat shock protein 70)
P0A786,Aspartate carbamoyltransferase catalytic chain (EC 2.1.3.2) (Aspartate transcarbamylase) (ATCase)
P0A7B1,Polyphosphate kinase (EC 2.7.4.1) (ATP-polyphosphate phosphotransferase) (Polyphosphoric acid kinase)
P0A7F3,Aspartate carbamoyltransferase regulatory chain
P0A8N5,"Lysine--tRNA ligase, heat inducible (EC 6.1.1.6) (Lysyl-tRNA synthetase) (LysRS)"
P0A9V1,Lipopolysaccharide export system ATP-binding protein LptB (EC 3.6.3.-)
P0AC55,Nitrogen regulatory protein P-II 2
P0AE82,Sensor histidine kinase CpxA (EC 2.7.13.3)
P0AEX9,Maltose-binding periplasmic protein (MBP) (MMBP) (Maltodextrin-binding protein)
P0AEY3,Nucleoside triphosphate pyrophosphohydrolase (NTP-PPase) (EC 3.6.1.8)
P0AEZ3,Septum site-determining protein MinD (Cell division inhibitor MinD)
P0CH07,Ubiquitin-60S ribosomal protein L40 [Cleaved into: Ubiquitin; 60S ribosomal protein L40 (CEP52)]
P0CX31,40S ribosomal protein S24-A (RP50)
P0CX33,40S ribosomal protein S30-A
P0CX37,40S ribosomal protein S6-A (RP9) (S10) (YS4)
P0CX41,60S ribosomal protein L23-A (L17a) (YL32)
P0CX53,60S ribosomal protein L12-A (L15) (YL23)
P0DJQ7,Carboxyethyl-arginine beta-lactam-synthase (EC 6.3.3.4) (Beta-lactam synthetase)
P0DMV8,Heat shock 70 kDa protein 1A (Heat shock 70 kDa protein 1) (HSP70-1) (HSP70.1)
P10153,Non-secretory ribonuclease (EC 3.1.27.5) (Eosinophil-derived neurotoxin) (RNase UpI-2) (Ribonuclease 2) (RNase 2) (Ribonuclease US)
P10408,Protein translocase subunit SecA
P10486,Type I restriction enzyme EcoR124II R protein (R.EcoR124II) (EC 3.1.21.3)
P10515,"Dihydrolipoyllysine-residue acetyltransferase component of pyruvate dehydrogenase complex, mitochondrial (EC 2.3.1.12) (70 kDa mitochondrial autoantigen of primary biliary cirrhosis) (PBC) (Dihydrolipoamide acetyltransferase component of pyruvate dehydrogenase complex) (M2 antigen complex 70 kDa subunit) (Pyruvate dehydrogenase complex component E2) (PDC-E2) (PDCE2)"
P10719,"ATP synthase subunit beta, mitochondrial (EC 3.6.3.14)"
P10987,Actin-5C
P11021,78 kDa glucose-regulated protein (GRP-78) (Endoplasmic reticulum lumenal Ca(2+)-binding protein grp78) (Heat shock 70 kDa protein 5) (Immunoglobulin heavy chain-binding protein) (BiP)
P11041,Polyhedrin (C-polyhedrin)
P11124,RNA-directed RNA polymerase (EC 2.7.7.48) (Protein P2)
P11142,Heat shock cognate 71 kDa protein (Heat shock 70 kDa protein 8) (Lipopolysaccharide-associated protein 1) (LAP-1) (LPS-associated protein 1)
P11802,Cyclin-dependent kinase 4 (EC 2.7.11.22) (Cell division protein kinase 4) (PSK-J3)
P11974,Pyruvate kinase PKM (EC 2.7.1.40) (Pyruvate kinase muscle isozyme)
P12282,Molybdopterin-synthase adenylyltransferase (EC 2.7.7.80) (MoaD protein adenylase) (Molybdopterin-converting factor subunit 1 adenylase) (Sulfur carrier protein MoaD adenylyltransferase)
P12385,Eukaryotic peptide chain release factor subunit 1 (Eukaryotic release factor 1) (eRF1) (Omnipotent suppressor protein 1)
P13000,ATP-dependent dethiobiotin synthetase BioD 1 (EC 6.3.3.3) (DTB synthetase 1) (DTBS 1) (Dethiobiotin synthase)
P13020,Gelsolin (Actin-depolymerizing factor) (ADF) (Brevin)
P13045,Protein GAL3
P13444,S-adenosylmethionine synthase isoform type-1 (AdoMet synthase 1) (EC 2.5.1.6) (Methionine adenosyltransferase 1) (MAT 1) (Methionine adenosyltransferase I/III) (MAT-I/III)
P13569,Cystic fibrosis transmembrane conductance regulator (CFTR) (ATP-binding cassette sub-family C member 7) (Channel conductance-controlling ATPase) (EC 3.6.3.49) (cAMP-dependent chloride channel)
P13619,"ATP synthase F(0) complex subunit B1, mitochondrial (ATP synthase subunit b) (ATPase subunit b)"
P13620,"ATP synthase subunit d, mitochondrial (ATPase subunit d)"
P13621,"ATP synthase subunit O, mitochondrial (Oligomycin sensitivity conferral protein) (OSCP)"
P14618,Pyruvate kinase PKM (EC 2.7.1.40) (Cytosolic thyroid hormone-binding protein) (CTHBP) (Opa-interacting protein 3) (OIP-3) (Pyruvate kinase 2/3) (Pyruvate kinase muscle isozyme) (Thyroid hormone-binding protein 1) (THBP1) (Tumor M2-PK) (p58)
P15170,Eukaryotic peptide chain release factor GTP-binding subunit ERF3A (Eukaryotic peptide chain release factor subunit 3a) (eRF3a) (G1 to S phase transition protein 1 homolog)
P15442,eIF-2-alpha kinase GCN2 (EC 2.7.11.1) (General control non-derepressible protein 2) (Serine/threonine-protein kinase GCN2)
P15790,Casein kinase II subunit alpha (CK II subunit alpha) (EC 2.7.11.1)
P15999,"ATP synthase subunit alpha, mitochondrial"
P16370,DNA-directed RNA polymerase II subunit RPB3 (RNA polymerase II subunit 3) (RNA polymerase II subunit B3) (B44.5) (DNA-directed RNA polymerase II 45 kDa polypeptide)
P17256,Mevalonate kinase (MK) (EC 2.7.1.36)
P17312,"Terminase, large subunit (EC 3.1.-.-) (DNA-packaging protein Gp17) (Gene product 17) (gp17)"
P17612,cAMP-dependent protein kinase catalytic subunit alpha (PKA C-alpha) (EC 2.7.11.11)
P17980,26S protease regulatory subunit 6A (26S proteasome AAA-ATPase subunit RPT5) (Proteasome 26S subunit ATPase 3) (Proteasome subunit P50) (Tat-binding protein 1) (TBP-1)
P18708,Vesicle-fusing ATPase (EC 3.6.4.6) (N-ethylmaleimide-sensitive fusion protein) (NEM-sensitive fusion protein) (Vesicular-fusion protein NSF)
P19120,Heat shock cognate 71 kDa protein (Heat shock 70 kDa protein 8)
P19483,"ATP synthase subunit alpha, mitochondrial"
P20248,Cyclin-A2 (Cyclin-A)
P20345,Pre-neck appendage protein (Gene product 12) (gp12) (NP1) (Protein p12) [Cleaved into: gp12*]
P20434,"DNA-directed RNA polymerases I, II, and III subunit RPABC1 (RNA polymerases I, II, and III subunit ABC1) (ABC27) (DNA-directed RNA polymerases I, II, and III 27 kDa polypeptide)"
P20435,"DNA-directed RNA polymerases I, II, and III subunit RPABC2 (RNA polymerases I, II, and III subunit ABC2) (ABC23) (DNA-directed RNA polymerases I, II, and III 23 kDa polypeptide)"
P20436,"DNA-directed RNA polymerases I, II, and III subunit RPABC3 (RNA polymerases I, II, and III subunit ABC3) (ABC14.4) (ABC14.5) (DNA-directed RNA polymerases I, II, and III 14.5 kDa polypeptide)"
P20589,Modification methylase HaeIII (M.HaeIII) (EC 2.1.1.37) (Cytosine-specific methyltransferase HaeIII)
P20618,Proteasome subunit beta type-1 (EC 3.4.25.1) (Macropain subunit C5) (Multicatalytic endopeptidase complex subunit C5) (Proteasome component C5) (Proteasome gamma chain)
P21306,"ATP synthase subunit epsilon, mitochondrial (ATPase subunit epsilon)"
P21980,Protein-glutamine gamma-glutamyltransferase 2 (EC 2.3.2.13) (Tissue transglutaminase) (Transglutaminase C) (TG(C)) (TGC) (TGase C) (Transglutaminase H) (TGase H) (Transglutaminase-2) (TGase-2)
P22102,Trifunctional purine biosynthetic protein adenosine-3 [Includes: Phosphoribosylamine--glycine ligase (EC 6.3.4.13) (Glycinamide ribonucleotide synthetase) (GARS) (Phosphoribosylglycinamide synthetase); Phosphoribosylformylglycinamidine cyclo-ligase (EC 6.3.3.1) (AIR synthase) (AIRS) (Phosphoribosyl-aminoimidazole synthetase); Phosphoribosylglycinamide formyltransferase (EC 2.1.2.2) (5'-phosphoribosylglycinamide transformylase) (GAR transformylase) (GART)]
P22139,"DNA-directed RNA polymerases I, II, and III subunit RPABC5 (RNA polymerases I, II, and III subunit ABC5) (ABC10-beta) (ABC8) (DNA-directed RNA polymerases I, II, and III 8.3 kDa polypeptide)"
P22259,Phosphoenolpyruvate carboxykinase [ATP] (PCK) (PEP carboxykinase) (PEPCK) (EC 4.1.1.49)
P23368,"NAD-dependent malic enzyme, mitochondrial (NAD-ME) (EC 1.1.1.38) (Malic enzyme 2)"
P23381,"Tryptophan--tRNA ligase, cytoplasmic (EC 6.1.1.2) (Interferon-induced protein 53) (IFP53) (Tryptophanyl-tRNA synthetase) (TrpRS) (hWRS) [Cleaved into: T1-TrpRS; T2-TrpRS]"
P23509,"Glucose-1-phosphate adenylyltransferase small subunit, chloroplastic/amyloplastic (EC 2.7.7.27) (ADP-glucose pyrophosphorylase) (ADP-glucose synthase) (AGPase B) (Alpha-D-glucose-1-phosphate adenyl transferase)"
P23873,Antitoxin HipB
P23874,Serine/threonine-protein kinase HipA (Ser/Thr-protein kinase HipA) (EC 2.7.11.1) (Toxin HipA)
P23909,DNA mismatch repair protein MutS
P23919,Thymidylate kinase (EC 2.7.4.9) (dTMP kinase)
P23921,Ribonucleoside-diphosphate reductase large subunit (EC 1.17.4.1) (Ribonucleoside-diphosphate reductase subunit M1) (Ribonucleotide reductase large subunit)
P23971,2-succinylbenzoate--CoA ligase (EC 6.2.1.26) (o-succinylbenzoyl-CoA synthetase) (OSB-CoA synthetase)
P24182,Biotin carboxylase (EC 6.3.4.14) (Acetyl-CoA carboxylase subunit A) (ACC) (EC 6.4.1.2)
P24941,Cyclin-dependent kinase 2 (EC 2.7.11.22) (Cell division protein kinase 2) (p33 protein kinase)
P25786,Proteasome subunit alpha type-1 (EC 3.4.25.1) (30 kDa prosomal protein) (PROS-30) (Macropain subunit C2) (Multicatalytic endopeptidase complex subunit C2) (Proteasome component C2) (Proteasome nu chain)
P25787,Proteasome subunit alpha type-2 (EC 3.4.25.1) (Macropain subunit C3) (Multicatalytic endopeptidase complex subunit C3) (Proteasome component C3)
P25788,Proteasome subunit alpha type-3 (EC 3.4.25.1) (Macropain subunit C8) (Multicatalytic endopeptidase complex subunit C8) (Proteasome component C8)
P25789,Proteasome subunit alpha type-4 (EC 3.4.25.1) (Macropain subunit C9) (Multicatalytic endopeptidase complex subunit C9) (Proteasome component C9) (Proteasome subunit L)
P25852,Transcriptional regulatory protein ZraR
P26281,"2-amino-4-hydroxy-6-hydroxymethyldihydropteridine pyrophosphokinase (EC 2.7.6.3) (6-hydroxymethyl-7,8-dihydropterin pyrophosphokinase) (PPPK) (7,8-dihydro-6-hydroxymethylpterin-pyrophosphokinase) (HPPK)"
P26361,Cystic fibrosis transmembrane conductance regulator (CFTR) (ATP-binding cassette sub-family C member 7) (Channel conductance-controlling ATPase) (EC 3.6.3.49) (cAMP-dependent chloride channel)
P26769,Adenylate cyclase type 2 (EC 4.6.1.1) (ATP pyrophosphate-lyase 2) (Adenylate cyclase type II) (Adenylyl cyclase 2) (AC2)
P27000,Glutamate--tRNA ligase (EC 6.1.1.17) (Glutamyl-tRNA synthetase) (GluRS)
P27395,Genome polyprotein [Cleaved into: Peptide 2k; Capsid protein C (Core protein); prM; Peptide pr; Small envelope protein M (Matrix protein); Envelope protein E; Non-structural protein 1 (NS1); Non-structural protein 2A (NS2A); Serine protease subunit NS2B (Flavivirin protease NS2B regulatory subunit) (Non-structural protein 2B); Serine protease NS3 (EC 3.4.21.91) (EC 3.6.1.15) (EC 3.6.4.13) (Flavivirin protease NS3 catalytic subunit) (Non-structural protein 3); Non-structural protein 4A (NS4A); Non-structural protein 4B (NS4B); RNA-directed RNA polymerase NS5 (EC 2.1.1.56) (EC 2.1.1.57) (EC 2.7.7.48) (Non-structural protein 5)]
P27616,Phosphoribosylaminoimidazole-succinocarboxamide synthase (EC 6.3.2.6) (SAICAR synthetase)
P27999,DNA-directed RNA polymerase II subunit RPB9 (RNA polymerase II subunit B9) (B12.6) (DNA-directed RNA polymerase II 14.2 kDa polypeptide) (DNA-directed RNA polymerase II subunit 9)
P28066,Proteasome subunit alpha type-5 (EC 3.4.25.1) (Macropain zeta chain) (Multicatalytic endopeptidase complex zeta chain) (Proteasome zeta chain)
P28070,Proteasome subunit beta type-4 (EC 3.4.25.1) (26 kDa prosomal protein) (HsBPROS26) (PROS-26) (Macropain beta chain) (Multicatalytic endopeptidase complex beta chain) (Proteasome beta chain) (Proteasome chain 3) (HsN3)
P28072,Proteasome subunit beta type-6 (EC 3.4.25.1) (Macropain delta chain) (Multicatalytic endopeptidase complex delta chain) (Proteasome delta chain) (Proteasome subunit Y)
P28074,Proteasome subunit beta type-5 (EC 3.4.25.1) (Macropain epsilon chain) (Multicatalytic endopeptidase complex epsilon chain) (Proteasome chain 6) (Proteasome epsilon chain) (Proteasome subunit MB1) (Proteasome subunit X)
P28327,Rhodopsin kinase (RK) (EC 2.7.11.14) (G protein-coupled receptor kinase 1)
P28707,Co-chaperone protein SBA1
P29468,Poly(A) polymerase (PAP) (EC 2.7.7.19) (Polynucleotide adenylyltransferase)
P29678,Dual specificity mitogen-activated protein kinase kinase 1 (MAP kinase kinase 1) (MAPKK 1) (EC 2.7.12.2) (ERK activator kinase 1) (MAPK/ERK kinase 1) (MEK 1)
P30138,Sulfur carrier protein ThiS adenylyltransferase (EC 2.7.7.73)
P30429,Cell death protein 4
P30748,Molybdopterin synthase sulfur carrier subunit (MPT synthase subunit 1) (Molybdenum cofactor biosynthesis protein D) (Molybdopterin-converting factor small subunit) (Molybdopterin-converting factor subunit 1) (Sulfur carrier protein MoaD)
P30803,Adenylate cyclase type 5 (EC 4.6.1.1) (ATP pyrophosphate-lyase 5) (Adenylate cyclase type V) (Adenylyl cyclase 5) (Ca(2+)-inhibitable adenylyl cyclase)
P31321,cAMP-dependent protein kinase type I-beta regulatory subunit
P31570,"Cob(I)yrinic acid a,c-diamide adenosyltransferase (EC 2.5.1.17) (Cob(I)alamin adenosyltransferase) (Corrinoid adenosyltransferase)"
P32390,Actin-related protein 3 (Actin-like protein 3)
P32481,Eukaryotic translation initiation factor 2 subunit gamma (eIF-2-gamma)
P32589,Heat shock protein homolog SSE1 (Chaperone protein MSI3)
P33176,Kinesin-1 heavy chain (Conventional kinesin heavy chain) (Ubiquitous kinesin heavy chain) (UKHC)
P33221,Phosphoribosylglycinamide formyltransferase 2 (GART 2) (EC 2.1.2.-) (5'-phosphoribosylglycinamide transformylase 2) (Formate-dependent GAR transformylase) (GAR transformylase 2)
P33309,Protein DOM34 (EC 3.1.-.-)
P33527,Multidrug resistance-associated protein 1 (ATP-binding cassette sub-family C member 1) (Leukotriene C(4) transporter) (LTC4 transporter)
P33981,Dual specificity protein kinase TTK (EC 2.7.12.1) (Phosphotyrosine picked threonine-protein kinase) (PYT)
P35435,"ATP synthase subunit gamma, mitochondrial (F-ATPase gamma subunit)"
P35559,Insulin-degrading enzyme (EC 3.4.24.56) (Insulin protease) (Insulinase) (Insulysin)
P35998,26S protease regulatory subunit 7 (26S proteasome AAA-ATPase subunit RPT1) (Proteasome 26S subunit ATPase 2) (Protein MSS1)
P36370,Antigen peptide transporter 1 (APT1) (ATP-binding cassette sub-family B member 2) (Peptide transporter TAP1)
P36507,Dual specificity mitogen-activated protein kinase kinase 2 (MAP kinase kinase 2) (MAPKK 2) (EC 2.7.12.2) (ERK activator kinase 2) (MAPK/ERK kinase 2) (MEK 2)
P37344,Psp operon transcriptional activator (Phage shock protein F)
P38077,"ATP synthase subunit gamma, mitochondrial (F-ATPase gamma subunit)"
P38182,Autophagy-related protein 8 (Autophagy-related ubiquitin-like modifier ATG8) (Cytoplasm to vacuole targeting protein 5)
P38698,Exopolyphosphatase (ExopolyPase) (EC 3.6.1.11) (Metaphosphatase)
P38862,Ubiquitin-like modifier-activating enzyme ATG7 (ATG12-activating enzyme E1 ATG7) (Autophagy-related protein 7) (Cytoplasm to vacuole targeting protein 2)
P38902,DNA-directed RNA polymerase II subunit RPB11 (RNA polymerase II subunit B11) (B13.6) (DNA-directed RNA polymerase II 13.6 kDa polypeptide)
P39081,Protein PCF11 (protein 1 of CF I)
P39593,Hydroxyethylthiazole kinase (EC 2.7.1.50) (4-methyl-5-beta-hydroxyethylthiazole kinase) (TH kinase) (Thz kinase)
P40191,Pyridoxine/pyridoxal/pyridoxamine kinase (PN/PL/PM kinase) (EC 2.7.1.35) (B6-vitamer kinase) (Pyridoxal kinase 1) (PL kinase 1)
P40233,Casein kinase I homolog 1 (EC 2.7.11.1)
P40422,"DNA-directed RNA polymerases I, II, and III subunit RPABC4 (RNA polymerases I, II, and III subunit ABC4) (ABC10-alpha)"
P40555,Probable 26S proteasome regulatory subunit p27 (Proteasome non-ATPase subunit 2)
P41148,Endoplasmin (94 kDa glucose-regulated protein) (GRP-94) (Heat shock protein 90 kDa beta member 1)
P41250,Glycine--tRNA ligase (EC 3.6.1.17) (EC 6.1.1.14) (Diadenosine tetraphosphate synthetase) (AP-4-A synthetase) (Glycyl-tRNA synthetase) (GlyRS)
P41697,Bud site selection protein 6 (Actin-interacting protein 3)
P41743,Protein kinase C iota type (EC 2.7.11.13) (Atypical protein kinase C-lambda/iota) (PRKC-lambda/iota) (aPKC-lambda/iota) (nPKC-iota)
P41832,Protein BNI1 (Pointed projection formation protein 3) (Sensitive to high expression protein 5) (Synthetic lethal 39)
P41958,Apoptosis regulator ced-9 (Cell death protein 9)
P42527,Myosin heavy chain kinase A (MHCK-A) (EC 2.7.11.7)
P42768,Wiskott-Aldrich syndrome protein (WASp)
P43686,26S protease regulatory subunit 6B (26S proteasome AAA-ATPase subunit RPT3) (MB67-interacting protein) (MIP224) (Proteasome 26S subunit ATPase 4) (Tat-binding protein 7) (TBP-7)
P43772,ATP-dependent protease subunit HslV (EC 3.4.25.2)
P43773,ATP-dependent protease ATPase subunit HslU (Unfoldase HslU)
P46467,Vacuolar protein sorting-associated protein 4B (EC 3.6.4.6) (Suppressor of K(+) transport growth defect 1) (Protein SKD1)
P46849,RNA 3'-terminal phosphate cyclase (RNA cyclase) (RNA-3'-phosphate cyclase) (EC 6.5.1.4)
P46859,Thermoresistant gluconokinase (EC 2.7.1.12) (Gluconate kinase 2)
P49720,Proteasome subunit beta type-3 (EC 3.4.25.1) (Proteasome chain 13) (Proteasome component C10-II) (Proteasome theta chain)
P49721,Proteasome subunit beta type-2 (EC 3.4.25.1) (Macropain subunit C7-I) (Multicatalytic endopeptidase complex subunit C7-I) (Proteasome component C7-I)
P49902,Cytosolic purine 5'-nucleotidase (EC 3.1.3.5) (Cytosolic 5'-nucleotidase II)
P49917,DNA ligase 4 (EC 6.5.1.1) (DNA ligase IV) (Polydeoxyribonucleotide synthase [ATP] 4)
P50552,Vasodilator-stimulated phosphoprotein (VASP)
P50583,"Bis(5'-nucleosyl)-tetraphosphatase [asymmetrical] (EC 3.6.1.17) (Diadenosine 5',5'''-P1,P4-tetraphosphate asymmetrical hydrolase) (Ap4A hydrolase) (Ap4Aase) (Diadenosine tetraphosphatase) (Nucleoside diphosphate-linked moiety X motif 2) (Nudix motif 2)"
P50613,Cyclin-dependent kinase 7 (EC 2.7.11.22) (EC 2.7.11.23) (39 kDa protein kinase) (p39 Mo15) (CDK-activating kinase 1) (Cell division protein kinase 7) (Serine/threonine-protein kinase 1) (TFIIH basal transcription factor complex kinase subunit)
P50750,Cyclin-dependent kinase 9 (EC 2.7.11.22) (EC 2.7.11.23) (C-2K) (Cell division cycle 2-like protein kinase 4) (Cell division protein kinase 9) (Serine/threonine-protein kinase PITALRE) (Tat-associated kinase complex catalytic subunit)
P51795,H(+)/Cl(-) exchange transporter 5 (Chloride channel protein 5) (ClC-5) (Chloride transporter ClC-5)
P52874,Protein clpf-1
P54645,5'-AMP-activated protein kinase catalytic subunit alpha-1 (AMPK subunit alpha-1) (EC 2.7.11.1) (Acetyl-CoA carboxylase kinase) (ACACA kinase) (EC 2.7.11.27) (Hydroxymethylglutaryl-CoA reductase kinase) (HMGCR kinase) (EC 2.7.11.31) (Tau-protein kinase PRKAA1) (EC 2.7.11.26)
P56206,Glycine--tRNA ligase (EC 6.1.1.14) (Glycyl-tRNA synthetase) (GlyRS)
P56255,ATP-dependent DNA helicase PcrA (EC 3.6.4.12)
P56981,UvrABC system protein B (Protein UvrB) (Excinuclease ABC subunit B)
P58301,DNA double-strand break repair Rad50 ATPase (pfRad50)
P59846,Argininosuccinate synthase (EC 6.3.4.5) (Citrulline--aspartate ligase)
P60010,Actin
P60011,Actin
P60712,"Actin, cytoplasmic 1 (Beta-actin) [Cleaved into: Actin, cytoplasmic 1, N-terminally processed]"
P60900,Proteasome subunit alpha type-6 (EC 3.4.25.1) (27 kDa prosomal protein) (PROS-27) (p27K) (Macropain iota chain) (Multicatalytic endopeptidase complex iota chain) (Proteasome iota chain)
P60906,Histidine--tRNA ligase (EC 6.1.1.21) (Histidyl-tRNA synthetase) (HisRS)
P61081,NEDD8-conjugating enzyme Ubc12 (EC 6.3.2.-) (NEDD8 carrier protein) (NEDD8 protein ligase) (Ubiquitin-conjugating enzyme E2 M)
P61157,Actin-related protein 3 (Actin-2) (Actin-like protein 3)
P61823,Ribonuclease pancreatic (EC 3.1.27.5) (RNase 1) (RNase A)
P61829,"ATP synthase subunit 9, mitochondrial (Lipid-binding protein) (Oligomycin resistance protein 1)"
P61925,"cAMP-dependent protein kinase inhibitor alpha (PKI-alpha) (cAMP-dependent protein kinase inhibitor, muscle/brain isoform)"
P61926,"cAMP-dependent protein kinase inhibitor alpha (PKI-alpha) (cAMP-dependent protein kinase inhibitor, muscle/brain isoform)"
P62010,30S ribosomal protein S11
P62191,26S protease regulatory subunit 4 (P26s4) (26S proteasome AAA-ATPase subunit RPT2) (Proteasome 26S subunit ATPase 1)
P62195,26S protease regulatory subunit 8 (26S proteasome AAA-ATPase subunit RPT6) (Proteasome 26S subunit ATPase 5) (Proteasome subunit p45) (Thyroid hormone receptor-interacting protein 1) (TRIP1) (p45/SUG)
P62333,26S protease regulatory subunit 10B (26S proteasome AAA-ATPase subunit RPT4) (Proteasome 26S subunit ATPase 6) (Proteasome subunit p42)
P62495,Eukaryotic peptide chain release factor subunit 1 (Eukaryotic release factor 1) (eRF1) (Protein Cl1) (TB3-1)
P62894,Cytochrome c
P63086,Mitogen-activated protein kinase 1 (MAP kinase 1) (MAPK 1) (EC 2.7.11.24) (ERT1) (Extracellular signal-regulated kinase 2) (ERK-2) (MAP kinase isoform p42) (p42-MAPK) (Mitogen-activated protein kinase 2) (MAP kinase 2) (MAPK 2)
P63087,Serine/threonine-protein phosphatase PP1-gamma catalytic subunit (PP-1G) (EC 3.1.3.16) (Protein phosphatase 1C catalytic subunit)
P63165,Small ubiquitin-related modifier 1 (SUMO-1) (GAP-modifying protein 1) (GMP1) (SMT3 homolog 3) (Sentrin) (Ubiquitin-homology domain protein PIC1) (Ubiquitin-like protein SMT3C) (Smt3C) (Ubiquitin-like protein UBL1)
P63248,"cAMP-dependent protein kinase inhibitor alpha (PKI-alpha) (cAMP-dependent protein kinase inhibitor, muscle/brain isoform)"
P67091,Universal stress protein F
P68135,"Actin, alpha skeletal muscle (Alpha-actin-1)"
P68136,"Actin, alpha skeletal muscle (Alpha-actin-1)"
P68139,"Actin, alpha skeletal muscle (Alpha-actin-1)"
P68183,Maltose transport system permease protein MalG
P68187,Maltose/maltodextrin import ATP-binding protein MalK (EC 3.6.3.19)
P68400,Casein kinase II subunit alpha (CK II alpha) (EC 2.7.11.1)
P69924,Ribonucleoside-diphosphate reductase 1 subunit beta (EC 1.17.4.1) (Protein B2) (Protein R2) (Ribonucleotide reductase 1)
P70731,Nitrogen regulatory protein P-II 1 (PII-like protein Pz) (PZ protein) (Transcriptional regulator)
P76256,tRNA threonylcarbamoyladenosine biosynthesis protein TsaB (t(6)A37 threonylcarbamoyladenosine biosynthesis protein TsaB)
P77398,"Bifunctional polymyxin resistance protein ArnA (Polymyxin resistance protein PmrI) [Includes: UDP-4-amino-4-deoxy-L-arabinose formyltransferase (EC 2.1.2.13) (ArnAFT) (UDP-L-Ara4N formyltransferase); UDP-glucuronic acid oxidase, UDP-4-keto-hexauronic acid decarboxylating (EC 1.1.1.305) (ArnADH) (UDP-GlcUA decarboxylase) (UDP-glucuronic acid dehydrogenase)]"
P78774,Actin-related protein 2/3 complex subunit 1 (Arp2/3 complex 41 kDa subunit) (p41-ARC)
P78789,Uncharacterized protein C1919.03c
P80385,5'-AMP-activated protein kinase subunit gamma-1 (AMPK gamma1) (AMPK subunit gamma-1) (AMPKg)
P80386,5'-AMP-activated protein kinase subunit beta-1 (AMPK subunit beta-1) (AMPKb) (5'-AMP-activated protein kinase 40 kDa subunit)
P80428,Actin-related protein 4 (Actin-like protein ARP4) (Actin-like protein 4)
P81122,Insulin receptor substrate 2 (IRS-2) (4PS)
P82197,Pyridoxal kinase (EC 2.7.1.35) (Pyridoxine kinase)
P83453,Tyrosine--tRNA ligase (EC 6.1.1.1) (Tyrosyl-tRNA synthetase) (TyrRS)
P83820,Signaling protein
P84253,Molybdenum storage protein subunit beta (Mo storage protein subunit beta) (MoSto subunit beta)
P84308,Molybdenum storage protein subunit alpha (Mo storage protein subunit alpha) (MoSto subunit alpha)
P9WFD7,Universal stress protein Rv2623 (USP Rv2623)
P9WI99,Putative aminoglycoside phosphotransferase (EC 2.7.1.-) (Putative aminoglycoside antibiotics resistance enzyme)
P9WIL4,Pantothenate synthetase (PS) (EC 6.3.2.1) (Pantoate--beta-alanine ligase) (Pantoate-activating enzyme)
P9WIL5,Pantothenate synthetase (PS) (EC 6.3.2.1) (Pantoate--beta-alanine ligase) (Pantoate-activating enzyme)
P9WJJ3,Glutamine-dependent NAD(+) synthetase (EC 6.3.5.1) (NAD(+) synthase [glutamine-hydrolyzing])
P9WKE1,Thymidylate kinase (EC 2.7.4.9) (Thymidine monophosphate kinase) (dTMP kinase) (TMPK)
P9WMN3,Bifunctional protein GlmU [Includes: UDP-N-acetylglucosamine pyrophosphorylase (EC 2.7.7.23) (N-acetylglucosamine-1-phosphate uridyltransferase); Glucosamine-1-phosphate N-acetyltransferase (EC 2.3.1.157)]
P9WN31,Nitrogen regulatory protein P-II
P9WPA5,Phosphopantetheine adenylyltransferase (EC 2.7.7.3) (Dephospho-CoA pyrophosphorylase) (Pantetheine-phosphate adenylyltransferase) (PPAT)
P9WPA7,Pantothenate kinase (EC 2.7.1.33) (Pantothenic acid kinase)
P9WPE1,Citrate lyase subunit beta-like protein (EC 4.1.-.-)
P9WPY3,Shikimate kinase (SK) (EC 2.7.1.71)
Q01813,"ATP-dependent 6-phosphofructokinase, platelet type (ATP-PFK) (PFK-P) (EC 2.7.1.11) (6-phosphofructokinase type C) (Phosphofructo-1-kinase isozyme C) (PFK-C) (Phosphohexokinase)"
Q02750,Dual specificity mitogen-activated protein kinase kinase 1 (MAP kinase kinase 1) (MAPKK 1) (MKK1) (EC 2.7.12.2) (ERK activator kinase 1) (MAPK/ERK kinase 1) (MEK 1)
Q03195,Translation initiation factor RLI1 (ATP-binding cassette sub-family E member RLI1) (RNase L inhibitor)
Q03656,Serine/threonine-protein kinase SKY1 (SRPK) (EC 2.7.11.1)
Q04656,Copper-transporting ATPase 1 (EC 3.6.3.54) (Copper pump 1) (Menkes disease-associated protein)
Q05397,Focal adhesion kinase 1 (FADK 1) (EC 2.7.10.2) (Focal adhesion kinase-related nonkinase) (FRNK) (Protein phosphatase 1 regulatory subunit 71) (PPP1R71) (Protein-tyrosine kinase 2) (p125FAK) (pp125FAK)
Q05471,Helicase SWR1 (EC 3.6.4.12) (Swi2/Snf2-related 1)
Q06830,Peroxiredoxin-1 (EC 1.11.1.15) (Natural killer cell-enhancing factor A) (NKEF-A) (Proliferation-associated gene protein) (PAG) (Thioredoxin peroxidase 2) (Thioredoxin-dependent peroxide reductase 2)
Q07428,Nitrogen regulatory PII-like protein
Q08685,mRNA cleavage and polyadenylation factor CLP1
Q08AH3,"Acyl-coenzyme A synthetase ACSM2A, mitochondrial (EC 6.2.1.2) (Acyl-CoA synthetase medium-chain family member 2A) (Butyrate--CoA ligase 2A) (Butyryl-coenzyme A synthetase 2A) (Middle-chain acyl-CoA synthetase 2A)"
Q10316,Actin-related protein 2/3 complex subunit 5 (Arp2/3 complex 16 kDa subunit) (p16-ARC)
Q10343,5'-AMP-activated protein kinase subunit gamma (AMPK gamma) (AMPK subunit gamma)
Q12125,Golgi to ER traffic protein 4 (Guided entry of tail-anchored proteins 4)
Q12154,ATPase GET3 (EC 3.6.-.-) (Arsenical pump-driving ATPase) (Arsenite-stimulated ATPase) (Golgi to ER traffic protein 3) (Guided entry of tail-anchored proteins 3)
Q12165,"ATP synthase subunit delta, mitochondrial (F-ATPase delta subunit)"
Q12285,Ubiquitin-like protein MDY2 (Golgi to ER traffic protein 5) (Mating-deficient protein 2) (Translation machinery-associated protein 24)
Q12306,Ubiquitin-like protein SMT3
Q13153,Serine/threonine-protein kinase PAK 1 (EC 2.7.11.1) (Alpha-PAK) (p21-activated kinase 1) (PAK-1) (p65-PAK)
Q13325,Interferon-induced protein with tetratricopeptide repeats 5 (IFIT-5) (Interferon-induced 58 kDa protein) (Retinoic acid- and interferon-inducible 58 kDa protein) (P58)
Q13418,Integrin-linked protein kinase (EC 2.7.11.1) (59 kDa serine/threonine-protein kinase) (ILK-1) (ILK-2) (p59ILK)
Q13564,"NEDD8-activating enzyme E1 regulatory subunit (Amyloid beta precursor protein-binding protein 1, 59 kDa) (APP-BP1) (Amyloid protein-binding protein 1) (Proto-oncogene protein 1)"
Q14012,Calcium/calmodulin-dependent protein kinase type 1 (EC 2.7.11.17) (CaM kinase I) (CaM-KI) (CaM kinase I alpha) (CaMKI-alpha)
Q148J6,Actin-related protein 2/3 complex subunit 4 (Arp2/3 complex 20 kDa subunit) (p20-ARC)
Q15046,Lysine--tRNA ligase (EC 6.1.1.6) (Lysyl-tRNA synthetase) (LysRS)
Q15119,"[Pyruvate dehydrogenase (acetyl-transferring)] kinase isozyme 2, mitochondrial (EC 2.7.11.2) (Pyruvate dehydrogenase kinase isoform 2) (PDH kinase 2) (PDKII)"
Q15120,"[Pyruvate dehydrogenase (acetyl-transferring)] kinase isozyme 3, mitochondrial (EC 2.7.11.2) (Pyruvate dehydrogenase kinase isoform 3)"
Q15843,NEDD8 (Neddylin) (Neural precursor cell expressed developmentally down-regulated protein 8) (NEDD-8) (Ubiquitin-like protein Nedd8)
Q16513,Serine/threonine-protein kinase N2 (EC 2.7.11.13) (PKN gamma) (Protein kinase C-like 2) (Protein-kinase C-related kinase 2)
Q16543,"Hsp90 co-chaperone Cdc37 (Hsp90 chaperone protein kinase-targeting subunit) (p50Cdc37) [Cleaved into: Hsp90 co-chaperone Cdc37, N-terminally processed]"
Q16667,Cyclin-dependent kinase inhibitor 3 (EC 3.1.3.16) (EC 3.1.3.48) (CDK2-associated dual-specificity phosphatase) (Cyclin-dependent kinase interactor 1) (Cyclin-dependent kinase-interacting protein 2) (Kinase-associated phosphatase)
Q1D0A0,Type 4 fimbrial assembly protein PilC
Q1D0B0,Type IV pilus biogenesis protein PilM
Q1D813,LysM domain protein
Q1ZS18,Putative repressor protein luxO
Q27686,Pyruvate kinase (PK) (EC 2.7.1.40)
Q28372,Gelsolin (Actin-depolymerizing factor) (ADF) (Brevin)
Q2M3X8,Phosphatase and actin regulator 1
Q2SZ09,"ATP:cob(I)alamin adenosyltransferase, putative (Cob(I)alamin adenosyltransferase, putative)"
Q2T1M2,Type III pantothenate kinase (EC 2.7.1.33) (PanK-III) (Pantothenic acid kinase)
Q2XVP4,Tubulin alpha-1B chain (Alpha-tubulin ubiquitous) (Tubulin K-alpha-1) (Tubulin alpha-ubiquitous chain)
Q306N3,PilP
Q306N4,PilO (Type IV pilus biogenesis protein PilO)
Q306N5,PilN (Type IV pilus biogenesis protein PilN)
Q30C70,Polyhedrin
Q37695,"ATP synthase subunit 9, mitochondrial (Lipid-binding protein)"
Q38087,DNA-directed DNA polymerase (EC 2.7.7.7) (EC 3.1.11.-) (Gp43)
Q381M1,"Poly(A) polymerase, putative"
Q384V4,"Seryl-tRNA synthetase, putative (EC 6.1.1.11)"
Q3AE93,Ethanolamine utilization protein EutJ
Q3F0V8,Uncharacterized protein
Q3MHR7,Actin-related protein 2/3 complex subunit 2 (Arp2/3 complex 34 kDa subunit) (p34-ARC)
Q3SYX9,Actin-related protein 2/3 complex subunit 5 (Arp2/3 complex 16 kDa subunit) (p16-ARC)
Q3T035,Actin-related protein 2/3 complex subunit 3 (Arp2/3 complex 21 kDa subunit) (p21-ARC)
Q3TWN3,Metal transporter CNNM2 (Ancient conserved domain-containing protein 2) (mACDP2) (Cyclin-M2)
Q46220,Iota toxin component Ia
Q46927,tRNA threonylcarbamoyladenosine dehydratase (EC 6.1.-.-) (t(6)A37 dehydratase)
Q46AN5,Type-2 serine--tRNA ligase (EC 6.1.1.11) (Seryl-tRNA synthetase) (SerRS) (Seryl-tRNA(Ser/Sec) synthetase)
Q46E79,Uncharacterized protein
Q47506,MccB protein
Q47592,"O-antigen chain terminator bifunctional methyltransferase/kinase WbdD [Includes: 3-O-phospho-polymannosyl GlcNAc-diphospho-ditrans,octacis-undecaprenol 3-phospho-methyltransferase (EC 2.1.1.294); Polymannosyl GlcNAc-diphospho-ditrans,octacis-undecaprenol kinase (EC 2.7.1.181)]"
Q47PJ0,"CRISPR-associated helicase, Cas3 family"
Q50EJ2,Cobalamin adenosyltransferase PduO-like protein
Q51056,Porin (PorB)
Q52428,Aspartate--tRNA(Asp) ligase (EC 6.1.1.12) (Aspartyl-tRNA synthetase) (AspRS) (Discriminating aspartyl-tRNA synthetase) (D-AspRS)
Q53W83,2-dehydro-3-deoxygluconokinase (EC 2.7.1.45) (2-keto-3-deoxygluconokinase) (3-deoxy-2-oxo-D-gluconate kinase) (KDG kinase)
Q56148,Chloramphenicol 3-O phosphotransferase (CPT) (EC 2.7.1.-)
Q56187,FomA protein
Q56313,Holliday junction ATP-dependent DNA helicase RuvB (EC 3.6.4.12)
Q56416,Dephospho-CoA kinase (EC 2.7.1.24) (Dephosphocoenzyme A kinase)
Q57600,5-formaminoimidazole-4-carboxamide-1-(beta)-D-ribofuranosyl 5'-monophosphate synthetase (EC 6.3.4.23) (5-aminoimidazole-4-carboxamide-1-beta-D-ribofuranosyl 5'-monophosphate--formate ligase)
Q57961,Nicotinamide-nucleotide adenylyltransferase (EC 2.7.7.1) (NAD(+) diphosphorylase) (NAD(+) pyrophosphorylase) (NMN adenylyltransferase)
Q57997,Universal stress protein MJ0577 (USP MJ0577)
Q58206,Uncharacterized ABC transporter ATP-binding protein MJ0796
Q58622,Uncharacterized protein MJ1225
Q58801,Aspartate carbamoyltransferase regulatory chain
Q58933,L-seryl-tRNA(Sec) kinase (EC 2.7.1.164) (O-phosphoseryl-tRNA(Sec) kinase) (PSTK)
Q58987,Phosphoribosylaminoimidazole-succinocarboxamide synthase (EC 6.3.2.6) (SAICAR synthetase)
Q58CQ2,Actin-related protein 2/3 complex subunit 1B (Arp2/3 complex 41 kDa subunit) (p41-ARC)
Q5AFK5,tRNA(His) guanylyltransferase (EC 2.7.7.79) (tRNA-histidine guanylyltransferase)
Q5EK29,Polyhedrin
Q5FA19,Fe(3+) ions import ATP-binding protein FbpC (EC 3.6.3.30)
Q5FM28,Gluconate kinase (EC 2.7.1.12)
Q5H614,D-alanine--D-alanine ligase (EC 6.3.2.4) (D-Ala-D-Ala ligase) (D-alanylalanine synthetase)
Q5HSJ4,ATP phosphoribosyltransferase (ATP-PRT) (ATP-PRTase) (EC 2.4.2.17)
Q5JD28,Uncharacterized protein
Q5JII7,Hydrogenase expression/formation protein HypE
Q5JIZ8,4-phosphopantoate--beta-alanine ligase (EC 6.3.2.36) (Phosphopantothenate synthetase) (PPS)
Q5SHB0,CinA-like protein
Q5SHR6,DNA-directed RNA polymerase subunit alpha (RNAP subunit alpha) (EC 2.7.7.6) (RNA polymerase subunit alpha) (Transcriptase subunit alpha)
Q5SHZ3,D-alanine--D-alanine ligase (EC 6.3.2.4) (D-Ala-D-Ala ligase) (D-alanylalanine synthetase)
Q5SJV7,Universal stress protein family
Q5SKW1,RNA polymerase sigma factor SigA
Q5SLE3,Uncharacterized protein
Q5SLL5,Phosphoenolpyruvate carboxykinase [ATP] (PCK) (PEP carboxykinase) (PEPCK) (EC 4.1.1.49)
Q5SLV5,Nucleoside diphosphate kinase (NDK) (NDP kinase) (EC 2.7.4.6) (Nucleoside-2-P kinase)
Q5SM28,Proline--tRNA ligase (EC 6.1.1.15) (Prolyl-tRNA synthetase) (ProRS)
Q5SWA1,Protein phosphatase 1 regulatory subunit 15B
Q5TCY1,Tau-tubulin kinase 1 (EC 2.7.11.1) (Brain-derived tau kinase)
Q5ZVH3,Dephospho-CoA kinase (EC 2.7.1.24) (Dephosphocoenzyme A kinase)
Q60187,V-type ATP synthase beta chain (V-ATPase subunit B)
Q60381,Uncharacterized nitrogen regulatory PII-like protein MJ0059
Q60932,Voltage-dependent anion-selective channel protein 1 (VDAC-1) (mVDAC1) (Outer mitochondrial membrane protein porin 1) (Plasmalemmal porin) (Voltage-dependent anion-selective channel protein 5) (VDAC-5) (mVDAC5)
Q63537,Synapsin-2 (Synapsin II)
Q6A562,RNA-dependent RNA polymerase
Q6C326,ATP synthase subunit alpha
Q6CFT7,ATP synthase subunit beta (EC 3.6.3.14)
Q6FNA9,Uncharacterized protein
Q6G2A9,Adenosine monophosphate-protein transferase (EC 2.7.7.n1) (AMPylator)
Q6GHQ0,Cell division protein FtsA
Q6N5P6,Proline--tRNA ligase (EC 6.1.1.15) (Prolyl-tRNA synthetase) (ProRS)
Q6ND88,Malonyl CoA synthetase (EC 6.2.1.-)
Q6QAQ1,"Actin, cytoplasmic 1 (Beta-actin) [Cleaved into: Actin, cytoplasmic 1, N-terminally processed]"
Q6TS43,Capsid protein VP1
Q6VAB6,Kinase suppressor of Ras 2 (hKSR2) (EC 2.7.11.1)
Q6ZPF4,Formin-like protein 3
Q70IY1,nebramycin 5' synthase (EC 6.1.2.2) (Kanamycin A carbamoyltransferase) (Tobramycin carbamoyltransferase)
Q716H3,Gene 2 protein
Q71U53,cAMP-dependent protein kinase inhibitor alpha (PKI-alpha)
Q72F88,Hydrogenase expression/formation protein HypE
Q72H90,Chromosome-partitioning ATPase Soj (EC 3.6.-.-)
Q72L95,RNA polymerase sigma factor SigA
Q75UV1,Diadenosine hexaphosphate hydrolase (Ap6A hydrolase) (EC 3.6.1.61) (ATP-generating (di)nucleotide polyphosphate hydrolase) (ATP-generating Ap6A hydrolase) (Nudix protein)
Q79PF4,Circadian clock protein kinase KaiC (EC 2.7.11.1)
Q79V60,Circadian clock protein kinase KaiC (EC 2.7.11.1)
Q7LWY0,Probable tRNA pseudouridine synthase B (EC 5.4.99.25) (tRNA pseudouridine(55) synthase) (Psi55 synthase) (tRNA pseudouridylate synthase) (tRNA-uridine isomerase)
Q7RTN6,STE20-related kinase adapter protein alpha (STRAD alpha) (STE20-related adapter protein) (Serologically defined breast cancer antigen NY-BR-96)
Q7SIB1,CCA-adding enzyme (EC 2.7.7.72) (CCA tRNA nucleotidyltransferase) (tRNA CCA-pyrophosphorylase) (tRNA adenylyl-/cytidylyl- transferase) (tRNA nucleotidyltransferase) (tRNA-NT)
Q7SIB7,Phosphoglycerate kinase 1 (EC 2.7.2.3)
Q7W557,Alcaligin biosynthesis protein
Q7Z0H0,Adenylate kinase 2 (EC 2.7.4.3)
Q813T7,Hypothetical Cytosolic Protein
Q81G39,D-alanine--poly(phosphoribitol) ligase subunit 1 (EC 6.1.1.13) (D-alanine-D-alanyl carrier protein ligase) (DCL) (D-alanine-activating enzyme) (DAE)
Q81Q29,D-alanine--D-alanine ligase (EC 6.3.2.4) (D-Ala-D-Ala ligase) (D-alanylalanine synthetase)
Q81RQ8,Petrobactin biosynthesis protein AsbB
Q81S73,Uridylate kinase (UK) (EC 2.7.4.22) (Uridine monophosphate kinase)
Q831P9,Phosphopantetheine adenylyltransferase (EC 2.7.7.3) (Dephospho-CoA pyrophosphorylase) (Pantetheine-phosphate adenylyltransferase) (PPAT)
Q831W7,Proline--tRNA ligase (EC 6.1.1.15) (Prolyl-tRNA synthetase) (ProRS)
Q833W9,Tagatose-6-phosphate kinase (EC 2.7.1.144) (Phosphotagatokinase)
Q859P9,Virion DNA-directed RNA polymerase (vRNAP) (EC 2.7.7.6) (Gene product 50) (gp50)
Q877H2,Chaperonin
Q87CC0,Fructokinase
Q87GE5,Uncharacterized protein
Q89VT6,Aminoacyl carrier protein 1
Q89VT8,Amino acid--[acyl-carrier-protein] ligase 1 (EC 6.2.1.n2) (Amino acid:[carrier-protein] ligase [AMP forming] 1) (aa:CP ligase 1) (Aminoacyl-[acyl-carrier-protein] synthetase 1) (L-glycine:[acyl-carrier-protein] ligase 1)
Q8C6L5,Cyclic GMP-AMP synthase (cGAMP synthase) (cGAS) (m-cGAS) (EC 2.7.7.86) (2'3'-cGAMP synthase) (Mab-21 domain-containing protein 1)
Q8DW05,"Putative ABC transporter, ATP-binding protein ComA"
Q8E9K5,Adenosine monophosphate-protein transferase SoFic (EC 2.7.7.n1) (AMPylator SoFic)
Q8JUX6,Non-structural polyprotein (Polyprotein nsP1234) (P1234) [Cleaved into: P123; mRNA-capping enzyme nsP1 (EC 2.1.1.-) (EC 2.7.7.-) (Non-structural protein 1); Protease nsP2 (EC 3.1.3.33) (EC 3.4.22.-) (EC 3.6.1.15) (EC 3.6.4.13) (Non-structural protein 2) (nsP2); Non-structural protein 3 (nsP3); RNA-directed RNA polymerase nsP4 (EC 2.7.7.48) (Non-structural protein 4) (nsP4)]
Q8K4J6,MKL/myocardin-like protein 1 (Basic SAP coiled-coil transcription activator) (Megakaryoblastic leukemia 1 protein homolog) (Myocardin-related transcription factor A) (MRTF-A)
Q8KF94,"ATPase, ParA family"
Q8NFQ8,Torsin-1A-interacting protein 2 (Lumenal domain-like LAP1)
Q8NJU8,ATP-dependent 6-phosphofructokinase subunit alpha (EC 2.7.1.11) (ATP-dependent 6-phosphofructokinase 1) (ATP-PFK 1) (Phosphofructokinase 1) (Phosphohexokinase 1)
Q8NW68,Threonine--tRNA ligase (EC 6.1.1.3) (Threonyl-tRNA synthetase) (ThrRS)
Q8NX33,Cell division protein FtsA
Q8PWY1,Pyrrolysine--tRNA ligase (EC 6.1.1.26) (Pyrrolysine--tRNA(Pyl) ligase) (Pyrrolysyl-tRNA synthetase) (PylRS)
Q8QXN9,Genome polyprotein
Q8RCC2,"ABC-type polar amino acid transport system, ATPase component"
Q8RCC3,"ABC-type amino acid transport system, permease component"
Q8RQE7,DNA-directed RNA polymerase subunit omega (RNAP omega subunit) (EC 2.7.7.6) (RNA polymerase omega subunit) (Transcriptase subunit omega)
Q8RQE8,DNA-directed RNA polymerase subunit beta' (RNAP subunit beta') (EC 2.7.7.6) (RNA polymerase subunit beta') (Transcriptase subunit beta')
Q8RQE9,DNA-directed RNA polymerase subunit beta (RNAP subunit beta) (EC 2.7.7.6) (RNA polymerase subunit beta) (Transcriptase subunit beta)
Q8TBC4,NEDD8-activating enzyme E1 catalytic subunit (EC 6.3.2.-) (NEDD8-activating enzyme E1C) (Ubiquitin-activating enzyme E1C) (Ubiquitin-like modifier-activating enzyme 3) (Ubiquitin-activating enzyme 3)
Q8TGA0,ATP-dependent 6-phosphofructokinase subunit beta (EC 2.7.1.11) (ATP-dependent 6-phosphofructokinase 2) (ATP-PFK 2) (Phosphofructokinase 2) (Phosphohexokinase 2)
Q8TZY2,Chromosome partition protein Smc
Q8U029,Small nucleolar rnp gar1-like protein
Q8U0R7,5-formaminoimidazole-4-carboxamide-1-(beta)-D-ribofuranosyl 5'-monophosphate synthetase (EC 6.3.4.23) (5-aminoimidazole-4-carboxamide-1-beta-D-ribofuranosyl 5'-monophosphate--formate ligase)
Q8U160,50S ribosomal protein L7Ae (Ribosomal protein L8e)
Q8U1R4,Ribosome biogenesis protein Nop10
Q8U1S6,"CRISPR system Cmr subunit Cmr2 (CRISPR-associated protein Cas10/Cmr2, subtype III-B)"
Q8U1S7,CRISPR system Cmr subunit Cmr3 (CRISPR type III-B/RAMP module-associated protein Cmr3)
Q8U2K6,N-type ATP pyrophosphatase superfamily
Q8VDF3,Death-associated protein kinase 2 (DAP kinase 2) (EC 2.7.11.1) (DAP-kinase-related protein 1) (DRP-1)
Q8X607,Isocitrate dehydrogenase kinase/phosphatase (IDH kinase/phosphatase) (IDHK/P) (EC 2.7.11.5) (EC 3.1.3.-)
Q8Y5E4,Diadenylate cyclase (DAC) (EC 2.7.7.85) (Cyclic-di-AMP synthase) (c-di-AMP synthase) (Diadenylate cyclase CdaA)
Q8YFC9,Pantothenate synthetase (PS) (EC 6.3.2.1) (Pantoate--beta-alanine ligase) (Pantoate-activating enzyme)
Q914N6,Structural protein VP3
Q91YR1,Twinfilin-1 (Protein A6)
Q92352,Actin-related protein 2/3 complex subunit 4 (Arp2/3 complex 20 kDa) (p20-ARC)
Q929S5,Tagatose-6-phosphate kinase (EC 2.7.1.144)
Q93AT8,AcsD
Q93KQ6,Protein kinase YopO (Targeted effector protein kinase) (EC 2.7.11.1) (YopO)
Q94M05,NTPase P4
Q96EY8,"Cob(I)yrinic acid a,c-diamide adenosyltransferase, mitochondrial (EC 2.5.1.17) (Cob(I)alamin adenosyltransferase) (Methylmalonic aciduria type B protein)"
Q96PN6,Adenylate cyclase type 10 (EC 4.6.1.1) (AH-related protein) (Adenylate cyclase homolog) (Germ cell soluble adenylyl cyclase) (hsAC) (sAC) (Testicular soluble adenylyl cyclase)
Q96SD1,Protein artemis (EC 3.1.-.-) (DNA cross-link repair 1C protein) (Protein A-SCID) (SNM1 homolog C) (hSNM1C) (SNM1-like protein)
Q97UU7,Copper-transporting ATPase (EC 3.6.3.10)
Q97W02,DNA polymerase IV (Pol IV) (EC 2.7.7.7)
Q980T8,DNA ligase (EC 6.5.1.1) (Polydeoxyribonucleotide synthase [ATP])
Q99436,Proteasome subunit beta type-7 (EC 3.4.25.1) (Macropain chain Z) (Multicatalytic endopeptidase complex chain Z) (Proteasome subunit Z)
Q99741,Cell division control protein 6 homolog (CDC6-related protein) (Cdc18-related protein) (HsCdc18) (p62(cdc6)) (HsCDC6)
Q99933,BAG family molecular chaperone regulator 1 (BAG-1) (Bcl-2-associated athanogene 1)
Q99ZA6,D-alanine--poly(phosphoribitol) ligase subunit 1 (EC 6.1.1.13) (D-alanine-D-alanyl carrier protein ligase) (DCL) (D-alanine-activating enzyme) (DAE)
Q9BVA6,Adenosine monophosphate-protein transferase FICD (EC 2.7.7.n1) (AMPylator FICD) (FIC domain-containing protein) (Huntingtin yeast partner E) (Huntingtin-interacting protein 13) (HIP-13) (Huntingtin-interacting protein E)
Q9BYN0,Sulfiredoxin-1 (EC 1.8.98.2)
Q9CHL8,Multidrug resistance ABC transporter ATP-binding and permease protein (EC 3.6.3.44)
Q9CXY6,Interleukin enhancer-binding factor 2 (Nuclear factor of activated T-cells 45 kDa)
Q9CZW6,E3 ubiquitin-protein ligase RNF146 (EC 6.3.2.-) (Iduna) (RING finger protein 146)
Q9ERL7,Glia maturation factor gamma (GMF-gamma)
Q9EVD7,Aminoglycoside phosphotransferase
Q9EZJ8,RNA polymerase sigma factor SigA
Q9GZZ9,Ubiquitin-like modifier-activating enzyme 5 (Ubiquitin-activating enzyme 5) (ThiFP1) (UFM1-activating enzyme) (Ubiquitin-activating enzyme E1 domain-containing protein 1)
Q9HBA0,Transient receptor potential cation channel subfamily V member 4 (TrpV4) (Osm-9-like TRP channel 4) (OTRPC4) (Transient receptor potential protein 12) (TRP12) (Vanilloid receptor-like channel 2) (Vanilloid receptor-like protein 2) (VRL-2) (Vanilloid receptor-related osmotically-activated channel) (VR-OAC)
Q9HGT6,"Serine--tRNA ligase, cytoplasmic (EC 6.1.1.11) (Seryl-tRNA synthetase) (SerRS) (Seryl-tRNA(Ser/Sec) synthetase)"
Q9HKT1,Lipoate-protein ligase A subunit 1 (EC 6.3.1.20) (Lipoate--protein ligase subunit 1)
Q9HLX1,Isopentenyl phosphate kinase (IPK) (EC 2.7.4.26)
Q9HUM0,RNA-binding protein Hfq
Q9HX21,Probable nicotinate-nucleotide adenylyltransferase (EC 2.7.7.18) (Deamido-NAD(+) diphosphorylase) (Deamido-NAD(+) pyrophosphorylase) (Nicotinate mononucleotide adenylyltransferase) (NaMN adenylyltransferase)
Q9HXM5,Inosine-5'-monophosphate dehydrogenase (IMP dehydrogenase) (IMPD) (IMPDH) (EC 1.1.1.205)
Q9I1X7,Multifunctional non-homologous end joining protein LigD (NHEJ DNA polymerase) [Includes: 3'-phosphoesterase (3'-ribonuclease/3'-phosphatase); DNA ligase D (LigD) (EC 6.5.1.1) (Polydeoxyribonucleotide synthase [ATP]); DNA repair polymerase (Pol) (Polymerase/primase)]
Q9JLS3,Serine/threonine-protein kinase TAO2 (EC 2.7.11.1) (Thousand and one amino acid protein 2)
Q9KVG7,Cyclic GMP-AMP synthase (c-GAMP synthase) (c-GMP-AMP synthase) (EC 2.7.7.-) (3'3'-cGAMP synthase) (Cyclic AMP-GMP synthase) (c-AMP-GMP synthase) (Dinucleotide cyclase DncV)
Q9NP58,"ATP-binding cassette sub-family B member 6, mitochondrial (Mitochondrial ABC transporter 3) (Mt-ABC transporter 3) (P-glycoprotein-related protein) (Ubiquitously-expressed mammalian ABC half transporter)"
Q9NVD7,Alpha-parvin (Actopaxin) (CH-ILKBP) (Calponin-like integrin-linked kinase-binding protein) (Matrix-remodeling-associated protein 2)
Q9P7N5,Cell division cycle protein 123
Q9P805,mRNA-decapping enzyme subunit 1
Q9PPK3,Glycine--tRNA ligase alpha subunit (EC 6.1.1.14) (Glycyl-tRNA synthetase alpha subunit) (GlyRS)
Q9RVD6,Tryptophan--tRNA ligase 2 (EC 6.1.1.2) (Tryptophanyl-tRNA synthetase 2) (TrpRS 2) (Tryptophanyl-tRNA synthetase II) (TrpRS II)
Q9RVK2,MutT/nudix family protein
Q9SCL7,"Acetylglutamate kinase, chloroplastic (EC 2.7.2.8) (N-acetyl-L-glutamate 5-phosphotransferase) (NAG kinase) (AtNAGK)"
Q9U1K1,Protein spire
Q9UBE0,"SUMO-activating enzyme subunit 1 (Ubiquitin-like 1-activating enzyme E1A) [Cleaved into: SUMO-activating enzyme subunit 1, N-terminally processed]"
Q9UBF8,Phosphatidylinositol 4-kinase beta (PI4K-beta) (PI4Kbeta) (PtdIns 4-kinase beta) (EC 2.7.1.67) (NPIK) (PI4K92)
Q9UBT2,SUMO-activating enzyme subunit 2 (EC 6.3.2.-) (Anthracycline-associated resistance ARX) (Ubiquitin-like 1-activating enzyme E1B) (Ubiquitin-like modifier-activating enzyme 2)
Q9UBT6,DNA polymerase kappa (EC 2.7.7.7) (DINB protein) (DINP)
Q9UKV8,Protein argonaute-2 (Argonaute2) (hAgo2) (EC 3.1.26.n2) (Argonaute RISC catalytic component 2) (Eukaryotic translation initiation factor 2C 2) (eIF-2C 2) (eIF2C 2) (PAZ Piwi domain protein) (PPD) (Protein slicer)
Q9UNA4,DNA polymerase iota (EC 2.7.7.7) (Eta2) (RAD30 homolog B)
Q9UXT7,tRNA N6-adenosine threonylcarbamoyltransferase (EC 2.3.1.234) (N6-L-threonylcarbamoyladenine synthase) (t(6)A synthase) (Pa-Kae1) (t(6)A37 threonylcarbamoyladenosine biosynthesis protein Kae1) (tRNA threonylcarbamoyladenosine biosynthesis protein Kae1)
Q9UZK4,Putative adenylate kinase (AK) (EC 2.7.4.3) (ATP-AMP transphosphorylase)
Q9V228,AsnS-like asparaginyl-tRNA synthetase related protein (Asparagine synthetase A)
Q9WZH4,tRNA nucleotidyl transferase-related protein (tRNA nucleotidyltransferase) (EC 2.7.7.72)
Q9WZU0,Cell division protein FtsA
Q9X024,Bifunctional NAD(P)H-hydrate repair enzyme Nnr (Nicotinamide nucleotide repair protein) [Includes: ADP-dependent (S)-NAD(P)H-hydrate dehydratase (EC 4.2.1.136) (ADP-dependent NAD(P)HX dehydratase); NAD(P)H-hydrate epimerase (EC 5.1.99.6) (NAD(P)HX epimerase)]
Q9X0X3,Phosphoribosylformylglycinamidine synthase subunit PurL (FGAM synthase) (EC 6.3.5.3) (Formylglycinamide ribonucleotide amidotransferase subunit II) (FGAR amidotransferase II) (FGAR-AT II) (Glutamine amidotransferase PurL) (Phosphoribosylformylglycinamidine synthase subunit II)
Q9X220,Probable tRNA sulfurtransferase (EC 2.8.1.4) (Sulfur carrier protein ThiS sulfurtransferase) (Thiamine biosynthesis protein ThiI) (tRNA 4-thiouridine synthase)
Q9Y230,RuvB-like 2 (EC 3.6.4.12) (48 kDa TATA box-binding protein-interacting protein) (48 kDa TBP-interacting protein) (51 kDa erythrocyte cytosolic protein) (ECP-51) (INO80 complex subunit J) (Repressing pontin 52) (Reptin 52) (TIP49b) (TIP60-associated protein 54-beta) (TAP54-beta)
Q9Y253,DNA polymerase eta (EC 2.7.7.7) (RAD30 homolog A) (Xeroderma pigmentosum variant type protein)
Q9Y265,RuvB-like 1 (EC 3.6.4.12) (49 kDa TATA box-binding protein-interacting protein) (49 kDa TBP-interacting protein) (54 kDa erythrocyte cytosolic protein) (ECP-54) (INO80 complex subunit H) (Nuclear matrix protein 238) (NMP 238) (Pontin 52) (TIP49a) (TIP60-associated protein 54-alpha) (TAP54-alpha)
Q9Y376,Calcium-binding protein 39 (MO25alpha) (Protein Mo25)
Q9Y6E0,Serine/threonine-protein kinase 24 (EC 2.7.11.1) (Mammalian STE20-like protein kinase 3) (MST-3) (STE20-like kinase MST3) [Cleaved into: Serine/threonine-protein kinase 24 36 kDa subunit (Mammalian STE20-like protein kinase 3 N-terminal) (MST3/N); Serine/threonine-protein kinase 24 12 kDa subunit (Mammalian STE20-like protein kinase 3 C-terminal) (MST3/C)]
Q9Y6W5,Wiskott-Aldrich syndrome protein family member 2 (WASP family protein member 2) (Protein WAVE-2) (Verprolin homology domain-containing protein 2)
Q9Y7J4,Actin-related protein 2/3 complex subunit 3 (Arp2/3 complex 21 kDa subunit) (p21-ARC)
Q9Z1W9,STE20/SPS1-related proline-alanine-rich protein kinase (Ste-20-related kinase) (EC 2.7.11.1) (Serine/threonine-protein kinase 39)
Q9Z1X4,Interleukin enhancer-binding factor 3
Q9Z9H6,DNA-directed RNA polymerase subunit alpha (RNAP subunit alpha) (EC 2.7.7.6) (RNA polymerase subunit alpha) (Transcriptase subunit alpha)
Q9ZFG1,PilQ
Q9ZST4,Nitrogen regulatory protein P-II homolog (Protein PII-like)
V7LAR8,Cyclase
